train/Arcface_loss_epoch,step,epoch
0.747981071472168,10,0
0.7453050017356873,21,1
